{
  "comparison_metrics": {
    "mysql": {
      "avg": 86.47748788197835,
      "p50": 68.23098659515381,
      "p95": 98.01113605499258,
      "p99": 667.3994851112291,
      "success_rate": 100.0,
      "total_ops": 150
    },
    "dynamodb": {
      "avg": 92.34698136647542,
      "p50": 79.90288734436035,
      "p95": 159.33218002319336,
      "p99": 170.21194934844968,
      "success_rate": 100.0,
      "total_ops": 150
    }
  },
  "operation_breakdown": {
    "mysql": {
      "create_cart": 111.7965841293335,
      "add_items": 78.47901344299316,
      "get_cart": 69.1568660736084
    },
    "dynamodb": {
      "create_cart": 91.79884433746338,
      "add_items": 92.58677005767822,
      "get_cart": 92.65532970428467
    }
  }
}